{"_runtime":71,"trainer/global_step":119,"epoch":29,"train_loss_epoch":1.96745696e+08,"_wandb":{"runtime":71},"_step":89,"lr":1.0010194778442383,"_timestamp":1.7522343072112792e+09,"val_loss":NaN,"lr-Adam":1.001019515276401}